ID Producto **,Nombre Producto *,Costo,Activo,Medida Base
PRO007,CHATA DE RES 150 GR,8640,1,UN
PRO003,CARNE DE HAMBURGUESA ANGUS 150GR,6552,1,UN
PRO002,CAMARONES X UND,716,1,UN
PRO001,BONDIOLA DE CERDO,24500,1,kg
PRO004,CARNE MOLIDA DE CERDO (PIERNA),21800,1,kg
PRO010,"CHICHARRON EXTRA GR (CONFITADO, LENTEJO)",28050,1,kg
PRO011,CHICHARRON BARRIGUERO EL SOCIAL (PICADA),29800,1,kg
PRO020,FILETE PECHUGA X 300GR,7800,1,UN
PRO021,FILETE TILAPIA GR,24000,1,kg
PRO025,MORCILLA PICADA UND,1005,1,UN
PRO029,POLLO ENTERO N°12,26181,1,UN
PRO031,PUNTA DE ANCA X250 GR,14535,1,UN
PRO033,SOLOMITO ADOQUIN 220,14080,1,UN
PRO035,SOLOMO EXTRANJERO,38000,1,kg
PRO042,JAMON DE PAVO GR,49500,1,kg
PRO050,SALCHICHA ALEMANA,37000,1,kg
PRO054,SERRANO SALAMI GR,101190,1,kg
PRO055,TERRINE DE PATO,23205,1,UN
PRO058,PERNIL MIXTO (SUDADO DE POLLO),2502.5,1,UN
PRO059,NUGGET DE POLLO,660,1,UN
PRO008,CHATA DE RES 250 GR,13878,1,UN
PRO013,CHORIZO CRIOLLO UND,4229,1,UN
PRO014,CHORIZO PICADA (CASERO),5968,1,UN
PRO017,COSTILLAS SAN LUIS GR,23900,1,kg
PRO028,PIERNA DE CERDO,23590,1,kg
PRO034,SOLOMITO BABY BEFF 220,14679,1,UN
PRO038,CHORIZO VELA PICANTE 100GR,8100,1,UN
PRO044,JAMON PIETRAN GR,34788,1,kg
PRO045,JAMON SERRANO,142000,1,kg
PRO052,SALCHICHA CERVELAT,3300,1,kg
PRO057,FUET ENTERO,24157,1,kg
PRO061,POSTA,38500,1,kg
PRO062,POSTA 150,5720,1,UN
PRO005,CARNE MOLIDA DE RES (TABLA),32900,1,kg
PRO016,CONTRAMUSLO,2360,1,UN
PRO024,MONDONGO,24880,1,kg
PRO027,MORRILLO,28200,1,kg
PRO030,PUNTA DE ANCA X150GR,9881,1,UN
PRO032,SALCHICHON CERVERONI,24500,1,kg
PRO036,CABANO GR,60600,1,kg
PRO037,CHORIZO RUEDA,65000,1,kg
PRO039,CHORIZO VELA PICANTE GR,81000,1,kg
PRO043,JAMON KOLER GR,116620,1,kg
PRO047,LOMO CURADO GR,57800,1,kg
PRO051,SALCHICHA SUIZA,3700,1,UN
PRO056,MILANESA DE LENTEJAS,3434,1,UN
PRO063,PECHUGA SIN PIEL,19400,1,kg
PRO006,CARNE TABLA,34800,1,kg
PRO009,"CHICHARRON TOCINO (BANDEJA, BURGER)",28500,1,kg
PRO012,CHORIZO BANDEJA PAISA UND,2660,1,UN
PRO015,CHULETA DE CERDO 150 GR,3583,1,UN
PRO018,FILETE DE CORVINA,56000,1,kg
PRO019,FILETE PECHUGA X 150GR,3900,1,UN
PRO022,TILAPIA ENTERA,6210,1,UN
PRO023,LOMO CADERA 250GR,10975,1,UN
PRO040,CHORIZO VELA,67667,1,kg
PRO041,JAMON DE CERDO CARNELLY,30360,1,kg
PRO046,JAMON YORK GR,55900,1,kg
PRO048,PROSCIUTO,152000,1,kg
PRO049,SALAMI PIMIENTA,85750,1,kg
PRO053,SALCHICHA MANGUERA,13520,1,kg
PRO060,PEPERONI GR,74030,1,kg
PRO064,CARNE MOLIDA PECHO,28700,1,kg
PRO067,CAÑON,26400,1,kg
PRO066,PERNIL,13740,1,kg
PRO068,PAVO BRASEADO,115280,1,kg
PRO073,SALMON,64000,1,kg
LAC007,QUESO COSTEÑO,28300,1,kg
LAC018,QUESO GOUDA AHUMADO,71600,1,kg
LAC019,QUESO GOUDA PESTO,29132,1,kg
LAC025,QUESO MANCHEGO CUÑA X UND,152000,1,UN
LAC032,QUESO PHILADELPHIA GR,33760,1,kg
LAC041,QUESITO,21800,1,kg
ABA003,ACEITE GIRASOL,16130,1,L
ABA004,ACEITE MANTECA,11550,1,kg
PRO070,JAMON SERRANO PISTACHO,125500,1,kg
PRO071,PAQUETE DE CHORIZO X 10,0,1,UN
PRO072,RIPIO DE CHICHARRON (APROVECHABLE),1000,1,kg
PRO074,CHULETA DE CERDO 350GR,11550,1,UN
PRO077,HUEVO DE SOLOMO,0,1,kg
LAC002,LECHE EN POLVO,36610,1,kg
LAC003,LECHE DE ALMENDRAS,9670,1,L
LAC010,QUESO BRIE,12000,1,UN
LAC012,QUESO BABY BEL 220 GR,22967,1,UN
LAC015,QUESO CREMA AZUL,85680,1,kg
LAC016,QUESO EMENTAL GR,202000,1,kg
LAC023,QUESO IBERICO GR,30000,1,kg
LAC027,QUESO MASCARPONE,37000,1,kg
LAC031,QUESO PEPPER JACK GR,77600,1,kg
LAC033,QUESO PROVOLONE GR,103130,1,kg
LAC035,QUESO ROQUEFORT (AZUL),70000,1,kg
LAC036,QUESO TAPIOKA,855.35,1,UN
LAC037,PARMIGIANO REGIANO,37842,1,UN
LAC038,QUESO PARA ASAR,34800,1,kg
LAC039,QUESO CHEDDAR,659.72,1,UN
LAC040,QUESO PARMESANO ENTERO,0,1,kg
ABA005,ACEITE SUPERFRY,12900,1,L
ABA007,ACEITUNA VELA,0,1,kg
ABA008,ACEITUNA VERDE,46320,1,kg
ABA009,AJINOMOTO,21140,1,kg
PRO069,ROAST BEEF,28980,1,kg
PRO075,PEPPERONI X 100GR,0,1,UN
PRO076,ESPINAZO,0,1,kg
LAC011,QUESO BABY BEL 120 GR,3253,1,UN
LAC013,QUESO CILIGCINE GR,55000,1,kg
LAC020,QUESO GOUDA PIMENTON ROJO,29754,1,kg
LAC024,QUESO IBERICO 250GR,30000,1,UN
LAC026,QUESO MANCHEGO GR,152000,1,kg
LAC028,QUESO MOZARELLA GR,31840,1,kg
LAC029,QUESO MUENSTERS GR,53000,1,kg
LAC030,QUESO PARMESANO RALLADO,78600,1,kg
LAC034,QUESO ROCINANTE GR,135440,1,kg
PRO065,CARNE MOLIDA SOBREBARRIGA,28500,1,kg
LAC001,LECHE ENTERA,5010,1,L
LAC004,CREMA AGRIA,25420,1,kg
LAC005,CREMA DE LECHE,13000,1,L
LAC006,CREMA DE QUESO CHEDDAR,46860,1,kg
LAC008,QUESO CREMA,21270,1,kg
LAC009,LECHE DESLACTOSADA,4626,1,L
LAC014,QUESO COLBY JACK GR,56660,1,kg
LAC017,QUESO GOUDA AMARILLO,130000,1,kg
LAC021,QUESO GRANAPADANO,26180,1,UN
LAC022,QUESO GRAN SPICCO,21896,1,UN
ABA001,ABLANDA CARNE,38000,1,kg
ABA002,ACEITE DE OLIVA,45220,1,L
ABA006,ACEITUNA KALAMATA GR,41930,1,kg
ABA010,AJO EN POLVO,48240,1,kg
ABA011,AJO GRANULADO,49265,1,kg
ABA017,AREPA PICADA (Pequeña Plana),180,1,UN
ABA018,AREPA TELA,620,1,UN
ABA019,AROMATICA,166.6,1,UN
ABA027,AZUCAR MORENA,4510,1,kg
ABA034,CANELA EN ASTILLAS,132216,1,kg
ABA037,CARBON ACTIVADO,253500,1,kg
ABA038,CEBOLLA EN POLVO,63400,1,kg
ABA041,COCO RALLADO,37650,1,kg
ABA042,COCOA,63546,1,kg
ABA044,COLOR,27500,1,kg
ABA051,EMPANADA PAPA Y CARNE,336,1,UN
ABA062,HAMBURGUESA PARRILLADA (ADOBO),33888,1,kg
ABA064,HARINA PAN AMARILLA Y BLANCA,3750,1,kg
ABA070,LIMON DESHIDRATADO,340,1,UN
ABA074,MAICITOS EN LATA,23590,1,kg
ABA030,BOCADILLO,0,1,UN
ABA033,CALDO MAGGI,29210,1,kg
ABA036,CANUTOS,287,1,UN
ABA043,COLMAIZ,7049,1,kg
ABA047,CURRY,60419,1,kg
ABA052,EMPANADA POLLO Y TOCINETA,3033,1,UN
ABA053,ENCENDEDOR RECARGABLE,9690,1,UN
ABA054,FLOR DE JAMAICA,87000,1,kg
ABA056,FRUTOS SECOS,37000,1,kg
ABA059,GOTAS AMARGAS,14512,1,kg
ABA067,HUEVO,490,1,UN
ABA069,LENTEJAS,8660,1,kg
ABA071,LULO DESHIDRATADO,566.6,1,UN
ABA072,LYCHE EN LATA,51220,1,kg
ABA073,MAICENA,5440,1,kg
ABA012,ALBAHACA SECA,0,1,kg
ABA013,ALCAPARRAS,23300,1,kg
ABA014,ALMIDON DE YUCA,14400,1,kg
ABA015,AREPA DE HUEVO Y CARNE,3290,1,UN
ABA020,AROS DE CEBOLLA,472,1,UN
ABA022,ARROZ FEDERAL,6650,1,kg
ABA023,ATUN EN ACEITE,0,1,UN
ABA024,ATUN EN AGUA,3750,1,UN
ABA025,AXION X 235GR,3582,1,UN
ABA028,AZUCAR SOBRES,38,1,UN
ABA029,BBQ PINCHADA,42490,1,kg
ABA031,BOLSA CAFE GRANO X 2000,86400,1,kg
ABA032,CALDO COSTILLA,32700,1,kg
ABA035,CANELA EN POLVO,197530,1,kg
ABA040,CHIPS DE PAPAS 30 GR (SANDUCHE),2119,1,UN
ABA048,DULCE QUEMADO,27590,1,kg
ABA050,EMPANADA PAPA,337,1,UN
ABA055,FRIJOL CARGAMANTO,14820,1,kg
ABA057,GALLETA VOLOVANE,153.636,1,UN
ABA016,AREPA MENU,196,1,UN
ABA021,ARROZ DIANA,6270,1,kg
ABA026,AZUCAR BLANCA,4700,1,kg
ABA039,CHIPS DE NACHOS,17450,1,kg
ABA045,COMINO,64436,1,kg
ABA046,CROISSANT DE BROWNIE,0,1,UN
ABA049,EMPANADA MOMPOSIONA UND,1780,1,UN
ABA058,GALLETAS SALTIN,820,1,UN
ABA060,GRANOLA,26750,1,kg
ABA061,GUASCA,6000,1,kg
ABA063,HARINA DE TRIGO,4046,1,kg
ABA066,HERSHEY'S,2200,1,UN
ABA068,LAUREL,32000,1,kg
ABA078,MANTEQUILLA PERSONAL,0,1,UN
ABA076,MANI SALADO,26.79,1,kg
ABA081,MERMELADA DE JALAPEÑO Y OCHUA,67080,1,kg
ABA083,MEZCLA ITALIANA,211860,1,kg
ABA092,NUEZ MOSCADA,147300,1,kg
ABA093,OREGANO,114600,1,kg
ABA095,PALILLO BAMBU VERDE,121.97,1,UN
ABA096,PAN BAGUETTE (14 TAJADAS),4500,1,UN
ABA102,PANELA,6410,1,kg
ABA105,PANKO BLANCO,11990,1,kg
ABA115,PASTA SOPA,8990,1,kg
ABA119,PEPINILLO ENTERO KOSHER,21690,1,kg
ABA128,PIÑA DESHIDRATADA,145000,1,kg
ABA130,POLVO ROSQUILLERO,11000,1,kg
ABA131,RIPIO DE PAPA,17850,1,kg
ABA134,SAL,2800,1,kg
ABA137,SAL ROSADA,39570,1,kg
ABA077,MANTEQUILLA,48150,1,kg
ABA079,MAYONESA FRUCO,25940,1,kg
ABA080,MAYONESA KRAFT,22358,1,kg
ABA085,MIEL DE AGAVE,38080,1,L
ABA087,MILO,36810,1,kg
ABA097,PAN CAMPESINO (TIPO BAGUETTE),1575,1,UN
ABA101,PAN SOURDOUGH (MASA MADRE 12 TAJADAS),916.66,1,UN
ABA103,PANELA PULV SACHET,0,1,UN
ABA104,PANELITA COPELIA,602.27,1,UN
ABA107,PAPA FRANCESA 2.270GR,18190,1,kg
ABA111,PASTA DE TOMATE,25040,1,kg
ABA114,PASTA PENNE,11600,1,kg
ABA116,PASTA SPAGUETTI,22400,1,kg
ABA117,PASTEL DE POLLO,4580,1,UN
ABA118,PELATI LATA (TOMATES PELADOS ),12000,1,kg
ABA125,PIMIENTA ROJA,32142,1,kg
ABA126,PIMIENTA ROJA CAYENA,54010,1,kg
ABA127,PIMIENTA VERDE GRANO,41040,1,kg
ABA132,ROMERO,11500,1,kg
ABA136,SAL NITRAL,6477,1,kg
ABA075,MAIZ CANCHA,48500,1,kg
ABA082,MERMELADA MORA,27100,1,kg
ABA084,MIEL DE ABEJA,35010,1,L
ABA086,MIGA DE PAN,10090,1,kg
ABA094,P24 (HUMO LIQUIDO),38670,1,kg
ABA098,PAN DANES,2000,1,UN
ABA100,PAN MOLDE (MIEL 22 TAJADAS),704.54,1,UN
ABA106,PAPA CASCO 1000GR,16240,1,kg
ABA108,PAPEL FALSH,7000,1,UN
ABA109,PAPEL HIGIENICO,0,1,UN
ABA110,PAPRIKA,66000,1,kg
ABA112,PASTA FETUCCINI,11990,1,kg
ABA122,PIMIENTA MEZCLA GRANO,0,1,kg
ABA123,PIMIENTA MOLIDA,126300,1,kg
ABA129,POLVO PARA HORNEAR,17333,1,kg
ABA133,SABOR JAMON CALIFORNEANO,11134,1,kg
ABA135,SAL MARINA / PARRILLA,5000,1,kg
ABA138,SALCHICHA ZENU ENLATADA,3600,1,UN
ABA088,MOSTAZA,21920,1,kg
ABA089,NARANJA DESHIDRATADA,145000,1,kg
ABA090,NATILLA,6400,1,kg
ABA091,NESCAFE GRANULADO,99800,1,kg
ABA099,PAN DE HAMBURGUESA,1305,1,UN
ABA113,PASTA LASAGNA,19600,1,kg
ABA120,PEREJIL MOLIDO SECO,47800,1,kg
ABA121,PIMIENTA BLANCA GRANO,0,1,kg
ABA124,PIMIENTA NEGRA GRANO,75000,1,kg
ABA140,SALMUERA PARA TOCINETA,16660,1,kg
ABA141,SALSA BBQ,20860,1,kg
ABA142,SALSA CHIPOTLE,1810,1,kg
ABA150,TABASCO,261516,1,L
ABA155,TRIGISAR,4900,1,kg
ABA158,VINO SEGU OLLE BLANCO,26143,1,L
FRU006,PAPA NEVADA,3800,1,kg
FRU022,AGUACATE,12000,1,kg
FRU023,AHUYAMA,1450,1,kg
FRU029,AJO,21000,1,kg
FRU040,FRESA,16000,1,kg
ABA139,SALEROS,0,1,UN
ABA148,SIROPE CHOCOLATE,27900,1,L
ABA154,TORTILLA,1235,1,UN
FRU001,COCO,10500,1,kg
FRU004,PAPA CRIOLLA,4800,1,kg
FRU005,PAPA CAPIRA,2000,1,kg
FRU007,CEREZAS,28030,1,kg
FRU009,PULPA LULO,1530,1,UN
FRU011,PULPA LIMONADA COCO,3621,1,UN
FRU012,PULPA MANDARINA,1915,1,UN
FRU014,PULPA MARACUYA,2475,1,UN
FRU016,PORTOBELLO,34000,1,kg
FRU018,PLATANO MADURO,3000,1,kg
FRU021,MARACUYA,5500,1,kg
FRU025,JALAPEÑO,11000,1,kg
FRU027,AJI DULCE,8000,1,kg
FRU031,BANANO,280,1,UN
FRU033,CARAMBOLO,14000,1,kg
FRU042,HIGO,11000,1,kg
ABA143,SALSA DE TOMATE EN SOBRE,168,1,UN
ABA145,SALSA MAYONESA EN SOBRE,185,1,UN
ABA146,SALSA SOYA,14740,1,L
ABA147,SALSA TOMATE FRUCCO,18820,1,kg
ABA149,STEVIA,54,1,UN
ABA153,TORONJA DESHIDRATADA,142.85,1,UN
ABA156,VINAGRE,1966,1,L
ABA157,VINAGRE DE VINO,1499,1,kg
FRU003,HABICHUELA,4500,1,kg
FRU010,PULPA FRESA,1630,1,UN
FRU015,PULPA MORA,1642,1,UN
FRU017,ALBAHACA FRESCA,12000,1,kg
FRU019,PLATANO COMINO VERDE,4500,1,kg
FRU024,ZUCCHINI,2800,1,kg
FRU028,AJI PICANTE ROCOTTO,8500,1,kg
FRU030,APIO,1000,1,kg
FRU034,CEBOLLA BLANCA,4000,1,kg
FRU036,CEBOLLA PUERRO,1100,1,kg
FRU041,GUINEO,1622,1,kg
ABA144,SALSA DE TOMATE HEINZ,22450,1,kg
ABA151,TAJIN,95210,1,kg
ABA152,TOMILLO,14000,1,kg
ABA159,VINO SEGU OLLE TINTO,26143,1,L
FRU002,ARVEJA,33000,1,kg
FRU008,CIRUELA,22000,1,kg
FRU013,PULPA MANGO,1642,1,UN
FRU020,SANDIA,2200,1,kg
FRU026,AJI AMARILLO,15000,1,kg
FRU032,CALABACIN,0,1,kg
FRU035,CEBOLLA MORADA,5000,1,kg
FRU037,CEBOLLIN,10000,1,kg
FRU038,CILANTRO,6000,1,kg
FRU039,DURAZNOS,8500,1,kg
FRU043,KIWI,17000,1,kg
FRU044,LECHUGA BATAVIA,3500,1,kg
FRU046,LECHUGA LISA (COGOLLO),26000,1,kg
FRU047,LIMON TAHITI,5500,1,kg
FRU053,MORA,6500,1,kg
FRU055,PEPINO,3200,1,kg
FRU057,PERA,10500,1,kg
FRU061,ESPINACA,3500,1,kg
FRU064,TOMATE DE ARBOL,5800,1,kg
FRU065,TAMARINDO,15000,1,kg
FRU067,TOMATE CHONTO,4800,1,kg
FRU071,UVA ISABELLA,8750,1,kg
FRU074,YUCA,3200,1,kg
FRU075,ZANAHORIA,3300,1,kg
FRU085,CEBOLLA JUNCA,5000,1,kg
FRU090,REMOLACHA,6000,1,kg
POS005,TORTA ROLLO,6000,1,UN
FRU056,PEPINO EUROPEO,0,1,kg
FRU058,PEREJIL CRESPO,20000,1,kg
FRU059,PIMENTON ROJO,2800,1,kg
FRU068,TOMATE PERLA,6500,1,kg
FRU072,UVA NACIONAL,11500,1,kg
FRU073,HIERBABUENA,80000,1,kg
FRU076,ARANDANOS,2100,1,kg
FRU078,MANGO TOMMY,12000,1,kg
FRU081,CHILE SECO GUAGUILLO,238000,1,kg
FRU083,MAZORCA,8000,1,kg
FRU084,JENGIBRE,18000,1,kg
FRU092,FRAMBUESA,151040,1,kg
FRU097,ZUMO MARACUYA,0,1,L
POS002,TORTA DE ZANAHORIA,8767,1,UN
POS006,CHESCAKE DE FRUTOS ROJOS,13230,1,UN
POS008,BROWNIE POSTRE,2750,1,UN
FRU045,LECHUGA CRESPA,3500,1,kg
FRU060,PIÑA,3800,1,kg
FRU062,REPOLLO BLANCO,2500,1,kg
FRU063,REPOLLO MORADO,3500,1,kg
FRU066,TOMATE CHERRY,19000,1,kg
FRU082,BROTES,210000,1,kg
FRU087,BREVAS,14029,1,kg
FRU089,UCHUA,8000,1,kg
FRU091,ARRACACHA,0,1,kg
FRU096,ZUMO DE PIÑA,0,1,L
FRU098,UVA IMPORTADA,21500,1,kg
POS001,TORTA MARIA LUISA,0,1,UN
POS009,MUFFIN DULCE,7800,1,UN
FRU048,LIMON MANDARINO,3500,1,kg
FRU049,LULO,5500,1,kg
FRU050,MANZANA ROJA,12200,1,kg
FRU051,MANZANA VERDE,12200,1,kg
FRU052,MEZCLUM,56000,1,kg
FRU054,NARANJA,2500,1,kg
FRU069,TOMATE RIÑON VERDE,7000,1,kg
FRU070,TORONJA,10000,1,kg
FRU077,CHAMPIÑON,45650,1,kg
FRU079,CHILE ANCHO SECO,190800,1,kg
FRU080,CHILE SECO ARBOL,182000,1,kg
FRU086,RAIZ CHINA,9200,1,kg
FRU088,CAÑA,10000,1,kg
FRU093,ZUMO LIMON,8000,1,L
FRU094,ZUMO DE NARANJA,7500,1,L
FRU095,ZUMO MANDARINA,12000,1,L
POS003,TORTA CHOCOLATE,8860,1,UN
POS004,TORTA DE CHOCOLATE Y AREQUIPE,7052,1,UN
POS007,CHESCAKE DE BOCADILLO,9660,1,UN
BEB012,HIDRA TAO 600 ML COCO LIMON,5350,1,UN
BEB015,HIDRA TAO 600 ML NARANJA PIÑA,5350.25,1,UN
BEB023,MONSTER 473 ML BLANCO,7350,1,UN
BEB026,MONSTER 473 ML VERDE,7350,1,UN
BEB029,MR TEA LIMON 300 ML,1499.9,1,UN
BEB030,MR TEA LIMON LIGHT,1499.9,1,UN
BEB034,RED BULL 250 ML AMARILLO,6387.5,1,UN
BEB036,RED BULL 250 ML ORIGINAL,5237,1,UN
BEB040,SPRITE,1757.7,1,UN
BEB042,TE CHAI,56900,1,kg
BEB048,AGUA HATSU 300 ML,1760.41,1,UN
BEB050,AGUA TONICA CANADA DRY 300ML,2130,1,UN
BEB053,CANADA DRY 300 ML,1908.7,1,UN
BEB055,HATSU 400 ML AMARILLO,3458.25,1,UN
POS012,HELADO DE VAINILLA,8000,1,kg
BEB003,COCACOLA ZERO 400 ML,2299,1,UN
BEB014,HIDRA TAO 600 ML MORA AZUL,5350.25,1,UN
BEB017,JUGO HIT 230ML MANGO,1391.6,1,UN
BEB021,JUGO HIT 230ML TROPICAL,1391.6,1,UN
BEB024,MONSTER 473 ML MANGO LOCO,7350,1,UN
BEB025,MONSTER 473 ML MORADO,7350,1,UN
BEB028,MR TEA DURAZNO 300 ML,1499.9,1,UN
BEB032,PONY MALTA,2011.6,1,UN
BEB033,QUATRO 350ML,1899.9,1,UN
BEB038,RED BULL 250 ML SUGAR FREE,5237,1,UN
BEB041,TAMARINDO POSTOBON 350ML,2083.3,1,UN
BEB043,TONICA FEVEER TREE 20ML GINGER BEER,4949.9,1,UN
BEB045,TONICA FEVEER TREE 20ML MEDITERRANEAN,8899.9,1,UN
BEB049,AGUA HATSU GAS 300 ML,1760,1,UN
BEB052,BRETAÑA POSTOBON 300ML,2120.8,1,UN
BEB054,"COCA COLA 1,5 L",5200,1,UN
BEB058,HATSU 400 ML FUCSIA,3458.16,1,UN
BEB060,HATSU 400 ML NEGRO,3458,1,UN
BEB004,COCACOLA 400 ML,2699,1,UN
BEB007,COLOMBIANA 350ML,2083,1,UN
BEB008,GATORADE 500 ML MANDARINA,3083.3,1,UN
BEB009,GATORADE 500 ML MARACUYA,3083.3,1,UN
BEB013,HIDRA TAO 600 ML MARACUYA,5350.25,1,UN
BEB027,MONSTER NEGRO GUARANA,7350,1,UN
BEB031,NARANJADA POSTOBON 350ML,1726.66,1,UN
BEB035,RED BULL 250 ML NARANJA,6387.5,1,UN
BEB039,RED BULL 250 ML VERDE,6387.5,1,UN
BEB047,AGUA 600,1900,1,UN
BEB051,BRETAÑA 2.5 L (1.5),1830,1,L
BEB056,HATSU 400 ML AZUL,3458.14,1,UN
BEB059,HATSU 400 ML MORADO,3458.16,1,UN
BEB061,HATSU 400 ML ROJO,3458,1,UN
POS010,CROCANTE DE 4 QUESOS,2950,1,UN
POS011,CROCANTES DE ALMENDRAS,3250,1,UN
BEB001,COCACOLA 350ML,2083.33,1,UN
BEB002,COCACOLA ZERO 350 ML,2083,1,UN
BEB010,GATORADE 500 ML TROPICAL,3083,1,UN
BEB011,H2O 600ML LIMA LIMON,2166.66,1,UN
BEB016,HIDRA TAO 600 ML SANDIA CEREZA,5350,1,UN
BEB018,JUGO HIT 230ML MORA,1391.6,1,UN
BEB019,JUGO HIT 230ML NARANJA,1391.6,1,UN
BEB020,JUGO HIT 230ML PIÑA,1391.6,1,UN
BEB022,MONSTER 473 ML AZUL ZERO,7350,1,UN
BEB037,RED BULL 250 ML ROJO,6387.5,1,UN
BEB044,TONICA FEVEER TREE 20ML INDÚ,4867,1,UN
BEB046,TONICA MIL 976 OCEAN,3893,1,UN
BEB057,HATSU 400 ML BLANCO,3458.16,1,UN
LIC003,BT AGUARDIENTE REAL AMARILLO 750 ML,54900,1,L
LIC005,BT AGUARDIENTE TAPA ROJA 750 ML,40075,1,UN
LIC014,BT GIN GORDONS DRY 700 ML,94450,1,L
LIC017,BT GIN TANQUERAY RAMPUR 750 ML,202880,1,L
LIC024,BT MARTINI EXTRA DRY SECO 750 ML,74530,1,L
LIC025,BT MARTINI ROSSO 750 ML,75900,1,L
LIC031,BT RON BACARDI AÑEJO 750 ML,53066,1,L
LIC038,BT RON MEDELLIN DORADO 750 ML,39553,1,UN
LIC039,BT RON MEDELLIN PINK 750 ML,95860,1,L
LIC041,BT RON PAMPERO 700 ML ANIVERSARIO,129900,1,UN
LIC043,BT RON PARCE 8 AÑOS 750 ML,182500,1,L
LIC045,BT RON ZACAPA AMBAR 750 ML,161230,1,L
LIC051,BT TEQUILA ALACRAN 750 ML NEGRO,306530,1,L
LIC052,BT TEQUILA DON JULIO 70 700 ML,479280,1,L
LIC053,BT TEQUILA DON JULIO AÑEJO 700 ML,225999,1,UN
LIC055,BT TEQUILA DON JULIO REPOSADO 700 ML,362460,1,L
BEB068,TONICA MIL 976 GINGER BEER 207ML,3893,1,UN
BEB069,TONICA MIL 976 TORONJA,3971,1,UN
BEB070,VIVE 100,2099,1,UN
LIC001,BT AGUARDIENTE CENTENARIO TAPA ROJA 750 ML,105000,1,UN
LIC004,BT AGUARDIENTE TAPA AZUL 750 ML,43241,1,UN
LIC007,BT APEROL SPRITZ 750 ML,118550,1,L
LIC013,BT GIN BOMBAY 700 ML,132514,1,L
LIC026,BT MEZCAL 400 CONEJOS 750 ML,258160,1,L
LIC029,BT RON MEDELLIN GRAN SOLERA 19 AÑOS 750 ML,176191,1,L
LIC035,BT RON MEDELLIN 3 AÑOS 750 ML,50905,1,UN
LIC040,BT RON PAMPERO 700 ML,48368,1,UN
LIC042,BT RON PARCE 12 AÑOS 750 ML,269300,1,L
LIC046,BT RON ZACAPA XO 750 ML,689000,1,L
LIC054,BT TEQUILA DON JULIO BLANCO 700 ML,295710,1,L
BEB062,HATSU 400 ML ROSADO,3458,1,UN
BEB063,HATSU 400 ML VERDE,3458.16,1,UN
BEB064,JUGO DE NARANJA X 250 NATURANJA,2300,1,UN
BEB065,MANZANA POSTOBON 350 ML,2086.33,1,UN
BEB066,PEPSI,1691.666667,1,UN
BEB067,SEVEN UP,2083,1,UN
LIC002,BT AGUARDIENTE REAL 750 ML (NEGRO),78700,1,UN
LIC009,BT BOTELLA CACHACA,56704,1,L
LIC018,BT GIN TANQUERAY TEN 750 ML,129769,1,UN
LIC023,BT LICOR JAGERMEISTER 700 ML,139850,1,L
LIC028,BT MEZCAL MONTE LOBOS 750 ML,239700,1,L
LIC033,BT RON HABANA BLANCO 750 ML,68470,1,L
LIC034,BT RON MALIBU 750 ML,73060,1,L
LIC036,BT RON MEDELLIN 5 AÑOS 750 ML,70360,1,L
LIC047,BT TEQUILA 1800 750 ML REPOSADO,203799,1,UN
LIC006,BT AGUARDIENTE TAPA VERDE 750 ML,37517,1,UN
LIC008,BT BAILYES 700 ML,107140,1,L
LIC010,BT BRANDY 375,81100,1,L
LIC011,BT CAMPARI 750 ML,104340,1,L
LIC012,BT CREMA DE RON MEDELIN 750 ML,68130,1,UN
LIC015,BT GIN GORDONS PINK 700 ML,128500,1,L
LIC016,BT GIN TANQUERAY 700 ML,194460,1,L
LIC019,BT JACK DANIELS HONEY 700 ML,106920,1,L
LIC020,BT JIMADOR,118500,1,UN
LIC021,BT LICOR DE AMARULA 750 ML,89445,1,L
LIC022,BT LICOR DE RON MEDELLIN,58320,1,L
LIC027,BT MEZCAL 7 MISTERIOS 750 ML,238000,1,L
LIC030,GARRAFA  RON BACARDI CARTA BLANCA 1750ML,64930,1,L
LIC032,BT RON CACIQUE 750 ml,83740,1,UN
LIC037,BT RON MEDELLIN 8 AÑOS 750 ML,89060,1,L
LIC044,BT RON ZACAPA 23 700 ML,361062,1,L
LIC048,BT TEQUILA 1800 BLANCO 750 ML,176510,1,L
LIC049,BT TEQUILA 1800 CRISTALINO 700 ML,275790,1,UN
LIC050,BT TEQUILA ALACRAN 750 ML BLANCO,386600,1,L
LIC056,BT TEQUILA GRAN CENTENARIO AÑEJO 695 ML,146881,1,UN
LIC061,BT TEQUILA PATRON BLANCO 700 ML,217900,1,L
LIC066,BT VODKA GREY GROSEE 700 ML,283637,1,L
LIC062,BT TEQUILA PATRON REPOSADO 700 ML,233500,1,L
LIC064,BT TRIPLE SEC AZUL 750 ML,87730,1,L
LIC065,BT VODKA ABSOLUTE 700 ML,107800,1,L
LIC068,BT VODKA SMIRNOFF 700 ML,115449,1,L
LIC070,BT VODKA SMIRNOFF ICE GREEN 275 ML,7299.9,1,UN
LIC076,BT WHISKY BUCHANAN'S MALTS EDITION 750 ML,238479,1,UN
LIC078,BT WHISKY BUCHANAN'S TWO SOUL 750 ML,177616,1,UN
LIC079,BT WHISKY BULLEIT BOURBON 750 ML,193480,1,L
LIC086,BT WHISKY JAMESON 700 ML,142700,1,L
LIC087,BT WHISKY JOHNNIE WALKER 18 750 ML,396000,1,UN
LIC091,BT WHISKY JOHNNIE WALKER SELLO NEGRO 700 ML,192800,1,L
LIC096,GARAFA RON VIEJO DE CALDAS,61.65,1,UN
LIC097,GARRAFA AGUARDIENTE TAPA AZUL 2000 ML,53020,1,L
LIC102,MEDIA AGUARDIENTE TAPA ROJA 375 ML,21575,1,UN
LIC103,MEDIA AGUARDIENTE TAPA VERDE 375 ML,20405,1,UN
LIC104,MEDIA BAILEYS 375 ML,40049,1,UN
LIC105,MEDIA GIN BOMBAY 500 ML,73935,1,UN
LIC106,MEDIA JOSE CUERVO REPOSADO 375 ML,47280,1,UN
LIC110,MEDIA RON MEDELLIN 5 AÑOS 375 ML,27866.5,1,UN
LIC116,MEDIA VODKA ABOSULTE 350 ML,46800,1,UN
LIC072,BT VODKA WYBOROWA  1L,92290,1,L
LIC080,BT WHISKY BULLEIT RYE 750 ML,154898,1,L
LIC081,BT WHISKY CARDHU 12 AÑOS 700ML,166305,1,UN
LIC082,BT WHISKY CHIVAS REGAL 12 AÑOS 700 ML,109570,1,L
LIC084,BT WHISKY HAIG CLUB 700 ML,98426,1,UN
LIC093,BT WHISKY OLD PAR 12 AÑOS 750 ML,169980,1,L
LIC094,BT WHISKY OLD PAR 18 AÑOS 750 ML,320647,1,UN
LIC095,BT WHISKY SINGLENTON 12 700 ML,152504,1,UN
LIC098,GARRAFA AGUARDIENTE TAPA ROJA 2000 ML,49530,1,L
LIC099,GARRAFA AGUARDIENTE TAPA VERDE 1750 ML,56500,1,L
LIC109,MEDIA RON MEDELLIN 3 AÑOS 375 ML,23273.83,1,UN
LIC112,MEDIA RON MEDELLIN8 AÑOS 375 ML,40026.65,1,UN
LIC119,MEDIA VODKA SMIRNOFF LULO 375 ML,22175,1,UN
LIC058,BT TEQUILA GRAN CENTENARIO REPOSADO 700 ML,97600,1,UN
LIC059,BT TEQUILA JOSE CUERVO AMARILLO ESP 750 ML,118700,1,L
LIC074,BT WHISKY BUCHANAN'S 12 AÑOS 750 ML,196900,1,L
LIC083,BT WHISKY CRAGGANMORE 700 ML,123934,1,UN
LIC090,BT WHISKY JOHNNIE WALKER GOLD LABEL 700 ML,212999,1,UN
LIC092,BT WHISKY JOHNNIE WALKER SELLO ROJO 700 ML,90280,1,L
LIC100,GARRAFA DE RON MEDELLIN 3 AÑOS 2000 ML,54440,1,L
LIC108,MEDIA LICOR JAGERMEISTER 350ML,95400,1,UN
LIC111,MEDIA RON MEDELLIN DORADO 375 ML,20572,1,UN
LIC114,MEDIA TEQUILA JOSE CUERVO AMARILLO 375 ML,47280,1,UN
LIC115,MEDIA TEQUILA JOSE CUERVO BLANCO 375 ML,0,1,UN
LIC118,MEDIA VODKA SMIRNOFF 375 ML,46330,1,UN
LIC057,BT TEQUILA GRAN CENTENARIO PLATA 700 ML,99646,1,UN
LIC060,BT TEQUILA JOSE CUERVO BLANCO 750 ML,107700,1,L
LIC063,BT TRIPLE SEC 750 ML,88292,1,L
LIC069,BT VODKA SMIRNOFF ICE 275 ML,7297.83,1,UN
LIC071,BT VODKA SMIRNOFF LULO 750 ml,52188,1,L
LIC073,BT WHISKY BLACK AND WHITE 700 ML,70008,1,L
LIC075,BT WHISKY BUCHANAN'S 18 AÑOS 750 ML,351413,1,L
LIC077,BT WHISKY BUCHANAN'S MASTER 750 ML,228700,1,L
LIC085,BT WHISKY JACK DANIELS 700 ML,127380,1,L
LIC088,BT WHISKY JOHNNIE WALKER BLUE LABEL 750 ML,1028769,1,L
LIC089,BT WHISKY JOHNNIE WALKER DOBLE BLACK 700 ML,179000,1,UN
LIC101,MEDIA AGUARDIENTE TAPA AZUL 375 ML,23799,1,UN
LIC107,MEDIA LICOR DE RON MEDELLIN 375 ML,22682,1,UN
LIC113,MEDIA TANQUERAY LONDON 375ML,79868,1,UN
LIC129,TEQUILA HERRADURA SILVER,175438,1,UN
LIC130,BT MEZCAL UNION JOVEN,201900,1,L
VIN006,EL ANDEN,102876,1,UN
VIN010,FINCA LAS MORAS BARREL MALBEC,66850,1,UN
VIN011,FINCA LAS MORAS BLACK LABEL,193460,1,L
VIN014,FINCA RESALSO TEMPRANILLO,119000,1,UN
VIN031,LEYDA SAUVIGNON BLANC,74726,1,UN
VIN044,PIBA DE VINO GATO NEGRO,15638,1,UN
VIN049,PIBA DE VINO STA CAROLINA CABERNET S TINTO,12479.9,1,UN
VIN050,PIBA DE VINO STA CAROLINA SAUVIGON BLANC,12784,1,UN
LIC125,MEDIA WHISKY OLD PAR,90412,1,UN
LIC128,BT SMIRNOFF SPICY TAMARINDO 700 ML,71550,1,L
VIN003,COUSIÑO MACUL CABERNET SAUVIGNON,56081,1,UN
VIN004,COUSIÑO MACUL MERLOT,56070,1,UN
VIN007,EMILIO MORO EL ZARZAL,113420,1,UN
VIN009,EZ EL ZARZAL,116150,1,UN
VIN015,FINCAS LAS MORAS CABERNET,48520,1,UN
VIN019,JAUME SERRA ICE BLANCO,55970,1,UN
VIN022,JP CHENET GOLD,83135,1,UN
VIN025,JP CHENET PLATINO,67470,1,UN
VIN030,LA CELIA RVA CABERNE SAUVIG,62430,1,UN
VIN034,MEDIA DE VINO FINCA LAS MORAS MALBEC,26690,1,UN
VIN035,MEDIA DE VINO LA CELIA MALBEC,49750,1,UN
VIN037,MUGA RESERVA,177680,1,UN
VIN043,PIBA DE VINO FINCA LAS MORAS MALBEC,12480,1,UN
VIN051,PICCINI LAMBRUSCO BLANCO 750,33525,1,UN
LIC126,MEDIA WHISKY SELLO NEGRO 375 ML,73700,1,UN
LIC127,MEDIA WHISKY SELLO ROJO 375 ML,37503,1,UN
VIN008,ENTRECOTE,62980,1,UN
VIN012,FINCA LAS MORAS MALBEC,48520,1,UN
VIN017,JAUME SERRA BRUT NATURE RESERVA,66310,1,UN
VIN020,JAUME SERRA ICE ROSE,55970,1,UN
VIN023,JP CHENET LATA BLANCO,7617,1,UN
VIN027,LA CELIA CABERNET FRANC PIONER,90470,1,UN
VIN028,LA CELIA CHARDONAY,90470,1,UN
VIN032,MAR DE FRADES ALBARIÑO,122130,1,UN
VIN045,PIBA DE VINO SANTA HELENA CABERNET,12480,1,UN
VIN048,PIBA DE VINO SANTA RITA SAUVIGNON BLANCO,12480,1,UN
VIN053,PICCINI LAMBRUSCO TINTO 750,44660,1,L
LIC120,MEDIA WHISKY BLACK AND WHITE 375 ML,26671,1,UN
LIC121,MEDIA WHISKY BUCHANAN'S 12AÑOS 375 ML,88199,1,UN
LIC122,MEDIA WHISKY CHIVAS 12AÑOS 375 ML,57699,1,UN
LIC123,MEDIA WHISKY JACK DANIELS 375 ML,58199,1,UN
LIC124,MEDIA WHISKY JACK DANIELS HONNEY 375 ML,57498,1,UN
VIN005,COUSIÑO MACUL SAUVIGNON BLANCO,56070,1,UN
VIN013,FINCA LAS MORAS SAUVIGNON BLANC,48520,1,UN
VIN016,FINCAS LAS MORAS CHARDONNAY,48520,1,UN
VIN018,JAUME SERRA CAVA ROSE BRUT,45180,1,UN
VIN021,JP CHENET BLANCO,54900,1,UN
VIN024,JP CHENET LATA ROSADO,9179.8,1,UN
VIN026,JP CHENET ROSADO,54900,1,UN
VIN029,LA CELIA RESERVA MALBEC,62430,1,UN
VIN033,MARQUEZ DE MURRIETA,168376,1,UN
VIN036,MEDIA DE VINO STA CAROLINA S BLANCO,25700,1,UN
VIN038,NAVARRO BRUT MALBEC ROSE,82818,1,UN
VIN039,NAVARRO CORRE COL PRI,80870,1,UN
VIN040,NAVARRO CORREA EXTRA BRUT,80870,1,UN
VIN041,PAGO DE LOS CAPELLANES,133000,1,UN
VIN042,PASO DE SAN MAURO,126240,1,UN
VIN046,PIBA DE VINO SANTA HELENA SAUVIGNON BLANCO,12480,1,UN
VIN047,PIBA DE VINO SANTA RITA CABERNET SAUVIGNON,14500,1,UN
VIN052,PICCINI LAMBRUSCO ROSADO 750,44650,1,L
VIN056,RAMON BILBAO RIOJA,64900,1,UN
VIN058,RAMON BILBAO VERDEJO,67470,1,UN
VIN060,SANTA HELENA CARMENERE,37620,1,UN
VIN067,STA CAROLINA RDO CARMENERE,48701,1,UN
VIN070,TARAPACA CABERNET SAUVIGNON,47212,1,UN
VIN079,YELLOW TAIL CHARDONAY,49960,1,UN
CER001,CERVEZA AGUILA LIGTH,2281,1,UN
CER008,CLUB COLOMBIA TRIGO,3600,1,UN
CER012,CERVEZA PILSEN,2298.11,1,UN
CER021,CERVEZA BBC LAGER,3347.8,1,UN
CER022,CERVEZA BBC MONSERRATE ROJA,4098,1,UN
CER023,CERVEZA BBC ROSE,3347.8,1,UN
CER027,CERVEZA 3 CORDILLERAS MESTIZA,3248.99,1,UN
VIN057,RAMON BILBAO ROSE,67470,1,UN
VIN059,SANTA HELENA CABERNET SAUVIGNON,37620,1,UN
VIN061,SANTA HELENA MERLOT,37620,1,UN
VIN062,SANTA HELENA ROSE,37620,1,UN
VIN064,STA CARLOINA RDO ROSE,61360,1,UN
VIN069,STA CAROLINA RDO SAUVIGNON BLANC,36851,1,UN
VIN071,TARAPACA MERLOT,47410,1,UN
VIN073,TARAPACA ROSE,47410,1,UN
VIN077,YELLOW SHIRAZ,49960,1,UN
CER009,CERVEZA CORONA,3700,1,UN
CER010,CERVEZA CORONA ZERO,3701.7,1,UN
CER016,"BARRIL BBC CAJICA MIEL 29,7L",9340,1,L
CER018,"BARRIL BBC LAGER 29,7L",9340,1,L
VIN054,PROSECCO CINZANO,65182,1,L
VIN063,SANTA HELENA SAUVIGNON BLANCO,29548,1,UN
VIN065,STA CAROLINA CHARDONAY,42130,1,UN
VIN066,STA CAROLINA RDO CABERNET SAUVIG,12781,1,UN
VIN076,YELLOW MERLOT,36199,1,UN
CER003,CERVEZA AGUILA ZERO,1441.8,1,UN
CER004,CERVEZA ANDINA,2016.66,1,UN
CER011,CERVEZA COSTEÑITA,1773,1,UN
CER015,CERVEZA SOL,3366.66,1,UN
CER017,"BARRIL BBC CHAPINERO 29,7L",9340,1,L
CER019,CERVEZA BBC CAJICA MIEL,3347.8,1,UN
CER026,CERVEZA 3 CORDILLERAS NEGRA,8140,1,UN
VIN055,RAMON BILBAO CRIANZA,67470,1,UN
VIN068,STA CAROLINA RDO MERLOT,41720,1,UN
VIN072,TARAPACA RESERVA CHARDONAY,61540,1,UN
VIN074,TARAPACA SAUVIGNON BLANC,47410,1,UN
VIN075,YELLOW CABERNET SAUVIGNON,43900,1,UN
VIN078,YELLOW TAIL CABERMET SAUVIGNON,49960,1,UN
VIN080,YELLOW TAIL MERLOT,49960,1,UN
VIN081,YELLOW TAIL SHYRA,49960,1,UN
CER002,CERVEZA AGUILA NORMAL,2226,1,UN
CER005,CERVEZA CLUB COLOMBIA DORADA,2965,1,UN
CER006,CERVEZA CLUB COLOMBIA DORADA LATA,3137.8,1,UN
CER007,CERVEZA CLUB COLOMBIA ROJA,2965,1,UN
CER013,CERVEZA STELLA ARTOIS,3566.82,1,UN
CER020,CERVEZA BBC CHAPINERO NEGRA,3347.8,1,UN
CER025,CERVEZA 3 CORDILLERAS ROSE,9683,1,UN
CER067,CERVEZA MAREDSOUS TRIPEL,15404,1,UN
CER083,CERVEZA VEDETTI IPA / WHITHE,13807,1,UN
CER086,"BARRIL BBC MONSERRATE 29,7L",9340,1,L
CER088,CERVEZA ESTRELLA GALICIA,8089,1,UN
CIG003,CIGARRILLO MALBORO BLUE X10,4844,1,UN
CIG006,CIGARRILLO MALBORO ICE X10 SANDIA,6050,1,UN
CIG007,CIGARRILLO MALBORO ICE X20 MORA AZUL,7884,1,UN
CER044,CERVEZA CZECHVAR,8.089,1,UN
CER073,CERVEZA PAULANDER WEISSBIER,15499,1,UN
CIG004,CIGARRILLO MALBORO BLUE X20,9900,1,UN
CIG008,CIGARRILLO MALBORO ICE X20 SANDIA,12100,1,UN
CER048,CERVEZA DELIRIUM RED,27596,1,UN
CER061,CERVEZA HEINEKEN,4859,1,UN
CER066,CERVEZA LIEFMANS  FRUITTESE,11287,1,UN
CIG001,CIGARRILLO LYM EVO X 10,6050,1,UN
CIG002,CIGARRILLO LYM EVO X 20,0,1,UN
CIG005,CIGARRILLO MALBORO ICE X10 MORA AZUL,6050,1,UN
CIG010,CIGARRILLOS CHESTERFIELD LIGTH X20,7884,1,UN
CER047,CERVEZA DELIRIUM NOCTURNOM,27596,1,UN
CER049,CERVEZA DELIRIUM TREMENS,27596,1,UN
CER084,CERVEZA WEIDMANN SUPER STRONG,11003,1,UN
CIG009,CIGARRILLOS CHESTERFIELD LIGTH X10,4889,1,UN
CIG012,CIGARRILLOS CHESTERFIELD X20,8850,1,UN
CIG013,CIGARRILLOS GREEN LIGTH X10,3969,1,UN
CIG015,CIGARRILLOS IQOS / HEETS,9348,1,UN
CIG017,CIGARRILLOS MALBORO BLANCO X10,5695,1,UN
CIG018,CIGARRILLOS MALBORO BLANCO X20,11389,1,UN
CIG021,ENCENDEDOR CLIPPER,3000,1,UN
CIG022,VAP CRYSTAL 900,38000,1,UN
CIG023,VAP VUSE,0,1,UN
CIG026,VAPER FUME NICKY JAM 10K,42300,1,UN
CIG028,VAPER FUME ULTIMATED 3500 INFINITY,0,1,UN
CIG029,VAPER FUME ULTRA 2500,36652,1,UN
CIG031,VAPER GEEK BAR 9K,23000,1,UN
CIG034,VAPER VEEV 500,14742,1,UN
MEC001,AREQUIPE,23290,1,kg
MEC003,AVENA ALPINA FINESSE,3247,1,UN
MEC005,BOM BOM BUM,365.8,1,UN
MEC006,BROWNIE RAMO,2750,1,UN
MEC009,CHICLET ADAMS GRANDE,2000,1,UN
MEC010,CHICLET ADAMS INDVIDUAL,200,1,UN
MEC014,CHOCORRAMO,2100,1,UN
MEC015,CHOCORRAMO ESQUINITAS,2500,1,UN
MEC018,GALLETA GRISINI,0,1,UN
MEC021,HALLS UNIDAD,150,1,UN
MEC034,PAPAS PRINGLES MEDIANAS,0,1,UN
CIG024,VAPER FUME EXTRA 1500,36000,1,UN
CIG025,VAPER FUME MINI,24000,1,UN
MEC002,AVENA ALPINA,2852.4,1,UN
MEC008,CHEETOS,856,1,UN
MEC019,GALLETA OREO,0,1,UN
MEC020,HALLS BARRA,1419,1,UN
MEC025,JUMBO PEQUEÑA,1199,1,UN
MEC027,MANI LA ESPECIAL,1994,1,UN
MEC028,MANI MOTO,1299.48,1,UN
MEC030,PAPAS CASERAS,7299,1,UN
MEC035,PAPAS PRINGLES PAQUEÑAS,0,1,UN
MEC038,RING POP,1662.5,1,UN
CIG019,CIGARRILLOS MALBORO ROJO X10,5695,1,UN
CIG020,CIGARRILLOS MALBORO ROJO X20,10090,1,UN
CIG033,VAPER VEEV 1800,31200,1,UN
CIG035,ZYN CAPSULAS,12500,1,UN
MEC007,CHEESETRIS,1570.8,1,UN
MEC012,CHOCOLATE PERSONAL,1936,1,UN
MEC013,CHOCOLATINA GOL,0,1,UN
MEC016,DORITOS,1600,1,UN
MEC017,GALLETA CHOKIS,1333,1,UN
MEC024,JUMBO MEDIANA,3112,1,UN
MEC029,MERMELADA DE CANUTO,16100,1,UN
MEC031,PAPAS CHIPS (SANDUCHE),2438.23,1,UN
MEC033,PAPAS PRINGLES GRANDES,0,1,UN
MEC036,PLATANO NATUCHIPS,1950,1,UN
MEC037,PUSH POP,1848,1,UN
MEC039,ROSCAS COCINA CHIPS,7633,1,UN
CIG011,CIGARRILLOS CHESTERFIELD X10,4890,1,UN
CIG014,CIGARRILLOS GREEN LIGTH X20,7884,1,UN
CIG016,CIGARRILLOS L&M X10,4020,1,UN
CIG027,VAPER FUME RECHARGE 5000,42483,1,UN
CIG030,VAPER GEEK BAR 1500,50000,1,UN
CIG032,VAPER VEEV 1100,24000,1,UN
MEC004,BOLIQUESO,1010,1,UN
MEC011,CHOCLITOS,1500,1,UN
MEC022,JOLLY RANCHER,682,1,UN
MEC023,JUMBO GRANDE,6890,1,UN
MEC026,M&M,4500,1,UN
MEC032,PAPAS MARGARITAS,1712,1,UN
MEC041,SPARKIES,700,1,UN
BOU010,TOTTE BAG,22922,1,UN
BOU013,SOBRERO BOHIO,0,1,UN
FAR001,ADVIL MAX,2200,1,UN
FAR002,ALKA SELTZER,2000,1,UN
FAR004,BONFIEST,3800,1,UN
FAR007,CURAS,260,1,UN
FAR012,SAL DE FRUTAS LUA,2540,1,UN
FAR015,PILAS TRONEX AAA,3412,1,UN
MEC043,TRIDENT 18 UND,4158.33,1,UN
MEC045,TRIDENT SPLASH,2099,1,UN
MEC051,GOMITA DE OJO,666.66,1,UN
BOU002,CAMISETA EL SOCIAL,10915,1,UN
BOU005,GORRA CAMIONERA,7000,1,UN
BOU011,VASO PELTRE,14708,1,UN
FAR003,ASPIRINA EFERVESCENTE,0,1,UN
FAR014,CANDELA,1103,1,UN
MEC042,TRIDENT 5 UND,1266.6,1,UN
MEC044,TRIDENT INDIVIDUAL,191,1,UN
MEC047,BON YURT,3504.55,1,UN
BOU001,AFICHES,4998,1,UN
BOU003,COPA EL SOCIAL,3687,1,UN
BOU004,GORRA BASICA,7000,1,UN
BOU006,IMAN EL SOCIAL,64771,1,UN
BOU007,PIN EL SOCIAL,10900,1,UN
BOU009,TERMO PEQUEÑO,28750,1,UN
BOU014,TERMO PLASTICO,0,1,UN
FAR005,BUSCAPINA FEM,1700,1,UN
FAR006,CONDONES,11100,1,UN
FAR009,DOLEX FORTE,1800,1,UN
FAR013,ADVIL ULTRA,1880,1,UN
MEC046,WAFER JET,1626,1,UN
MEC048,CHOKIS,1299.48,1,UN
MEC049,DETODITO,2350,1,UN
MEC050,GALLETA FESTIVAL,1119,1,UN
BOU008,TERMO GRANDE,64771,1,UN
BOU012,PORTA PASAPORTE,0,1,UN
FAR008,DOLEX ADULTO,750,1,UN
FAR010,DOLEX GRIPA,1500,1,UN
FAR011,PILAS TRONEX AA,4284,1,UN
CER092,CERVEZA 1906 BLACK COUPAGE,9685,1,UN
VIN082,VINO ESPUMOSO CHANDON EXTRA BRUT,71318,1,UN
PRO078,LOMOS DE PECHUGA NUGGETS,20700,1,kg
FRU099,BERENJENA,10000,1,kg
FRU100,FEIJOA,20000,1,kg
FRU101,MANZANILLA,13000,1,kg
LIC131,BT MEZCAL OJO DE TIRGE,213312,1,L
ABA160,ANIS,333200,1,kg
FRU102,GUAYABA,5500,1,kg
LIC132,BT MONKY SHOULDER 700ML,191771,1,L
ABA161,CLAVOS DE OLOR,187800,1,kg
ABA162,CAPSULAS PARA NATA (CO2),4600,1,UN
ABA163,LIMONARIA,65000,1,kg
ABA164,CHANTILLY,61200,1,kg
ABA165,CREMA DE COCO,69800,1,kg
ABA166,GOMA XANTAN,13000,1,kg
LIC133,BT LICOR 43,196133,1,L
LIC134,BT RON MEDELLIN 12 AÑOS 750 ML,120449,1,L
LIC136,BT HENDRICKS,282129,1,L
LIC138,BT LILET BLANC,177200,1,L
FRU103,PULPA CEREZA,3066,1,UN
CER094,CERVEZA PAULANER DUVEL,15404,1,UN
PRO079,MORCILLA RELLENA,0,1,UN
PRO080,CARNE SOYA,17000,1,kg
CER093,CERVEZA MICHELOB ULTRA,2926,1,UN
CER095,CERVEZA VEDETT EXTRA WHITE,13143,1,UN
CER096,CERVEZA ASAHI JAPONESA,8233,1,UN
CER097,CERVEZA 1906 RED VINTAGE,9168,1,UN
CER098,CERVEZA 1906 GALICIAN IRISH RED,10157,1,UN
CER099,CERVEZA CHOUFFE BLOND,16069,1,UN
CER100,CERVEZA FOUR PACK DUVEL,17965,1,UN
ABA168,BITTER'S ENIGMA CEREZA,59500,1,L
ABA169,BITTER'S  BALSAMICO HERBAL,59500,1,L
ABA167,BITTER`S ENIGMA CITRICO,59500,1,L
LIC139,VERMUT ROJO,0,1,L
ASE004,BOLSA DE BASURA BLANCA,0,1,UN
ASE002,ANTIBACTERIAL,0,1,UN
ASE005,BOLSA DE BASURA NEGRA,0,1,UN
ASE011,DESENGRASANTE ALCALINO 20KG,0,1,UN
ASE016,ESPONJA,0,1,UN
ASE017,GORRO DE MALLA,0,1,UN
ASE019,GUANTE DE NITRILO NEGRO X 100UND,0,1,UN
ASE025,PAÑO MICROFIBRA,0,1,UN
ASE028,REPUESTO DE TRAPERO,0,1,UN
ASE031,TOALLA DE MANO Z NATUR,0,1,UN
ASE001,ALCOHOL,0,1,UN
ASE003,ATOMIZADOR SPRAV,0,1,UN
ASE006,BOLSA DE BASURA VERDE,0,1,UN
ASE008,BOLSA VACIO 32 X 42 PAQ  (250U),0,1,UN
ASE010,DELANTAL,0,1,UN
ASE014,DOBESAN ULTRA,0,1,UN
ASE015,ESCOBA,0,1,UN
ASE018,GORRO TIPO MONJA,0,1,UN
ASE022,JABON  ESPUMA (PARA DISPENSADOR),0,1,UN
ASE023,LAVALOZA,0,1,UN
ASE024,LIMPION INDUSTRIAL,0,1,UN
ASE027,RECOGEDOR,0,1,UN
ASE029,SUAVIZANTE,0,1,UN
ASE007,BOLSA TT 8X12,0,1,UN
ASE009,CABO DE ALUMINIO,0,1,UN
ASE013,DETERGENTE,0,1,UN
ASE020,GUANTE INDUSTRIAL AMARILLO,0,1,UN
ASE026,PAPEL HIGIENICO JUMBO,0,1,UN
ASE032,WYPALL L20 LIMPIAMAX,0,1,UN
ASE012,DESINFECTANTE ORGANICO,0,1,UN
ASE021,HIPOCLORITO,0,1,UN
ASE030,TAPABOCAS,0,1,UN
EMP011,BASES DE PICADA GRANDE,0,1,UN
EMP001,ENVASE AL-138 (4 DIVISIONES.),0,1,UN
EMP002,TAPA AL-138 (4 DIVISIONES.),0,1,UN
EMP003,ENVASE AL-139 (SOPA),0,1,UN
EMP006,TAPA AL-149,0,1,UN
EMP009,BOLSAS PARA EMPACAR ALMUERZOS PEQUEÑA,0,1,UN
EMP010,TAPAS DE PICADA GRANDE,0,1,UN
EMP016,COCAS SALSERAS 2 OZ,0,1,UN
EMP023,CAJA  HAMBURGUESAS,0,1,UN
EMP004,TAPA AL-139 (SOPA),0,1,UN
EMP007,ENVASE AL-138 (3 DIVISIONES.),0,1,UN
EMP013,BASE DE CAJA PARA PORCIONES,0,1,UN
EMP014,PAPEL PARAFINADO GRANDE,0,1,UN
EMP015,PAPEL PARAFINADO PEQUEÑO,0,1,UN
EMP017,TAPAS SALSERAS 2 OZ,0,1,UN
EMP018,COCAS SALSERAS 1 OZ,0,1,UN
EMP020,BOLSAS PARA EMPACAR PICADA GRANDE,0,1,UN
EMP005,ENVASE AL-149,0,1,UN
EMP008,TAPA AL-138 (3 DIVISIONES.),0,1,UN
EMP012,CAJA PARA PORCIONES,0,1,UN
EMP019,TAPAS SALSERAS 1 OZ,0,1,UN
EMP021,BOWL 16 ONZ PHOENYX,0,1,UN
EMP022,TAPA PHOENYX,0,1,UN
EMP024,STICKER DOMICILIO,0,1,UN
ABA174,MANGO DESHIDRATADO,145000,1,kg
ABA170,FRESA DESHIDRATADA,145000,1,kg
ABA176,JENGIBRE  DESHIDFRATADO,0,1,kg
ABA171,MORA DESHIDRATADA,145000,1,kg
ABA172,ARANDANOS DESHIDRATADOS,0,1,kg
ABA173,MENTA,0,1,kg
ABA175,CALENDULA  DESHIDRATADA,150000,1,kg
LIC140,MEDIA DON JULIO BLANCO,112345,1,UN
ABA177,CHURRO ESPIRAL,2650,1,UN
BEB071,AGUA S. PELLEGRINO 250 ML,6021,1,UN
BEB072,AGUA ACQUA PANNA 250 ML,6493,1,UN
ABA178,AREPA DE HUEVO,0,1,UN
EMP031,PORTACUBIERTOS,0,1,UN
EMP025,ALUMINIO,0,1,UN
EMP027,CUCHARAS DESECHABLES,0,1,UN
EMP028,MEZCLADOR DE BEBIDAS DE MADERA,92,1,UN
EMP034,SERVILLENTAS,0,1,UN
EMP040,VASO 6 OZ,0,1,UN
EMP026,BOLSA VACIO15 X 20,0,1,UN
EMP038,VASO 16 OZ,0,1,UN
EMP029,PALILLO,6.52,1,UN
EMP030,PITILLO DE PAPEL,0,1,UN
EMP036,TAPA VASO 9OZ,0,1,UN
EMP039,VASO 4 OZ,0,1,UN
EMP032,ROLLO TERMICO 57MM,0,1,UN
EMP033,ROLLO TERMICO 80MM,0,1,UN
EMP035,SERVILLETAS DE LUJO,0,1,UN
EMP037,VASO 9 OZ,0,1,UN
EMP041,VASO 12 OZ,0,1,UN
EMP042,VINIPEL,0,1,UN
ABA179,CAJA METALICA CAFE PREMIUM GRANO 340 GR,45000,1,UN
ABA181,CAJA METALICA CAFE NATURAL GRANO 250 GR,49500,1,UN
ABA180,CAJA METALICA CAFE HONEY GRANO 340 GR,51750,1,UN
EMP043,KIT DE CUBIERTOS DESECHABLES,0,1,UN
EMP044,BOLSA PAPEL KRAFT (PEQUEÑA),152.16,1,UN
PRO081,PUNTA ANCA ENTERA,62000,1,kg
PRO082,"CHICHARRON TOCINO ENTERO( TOCINETA, PORCHETA)",23500,1,kg
CER101,CERVEZA 20 MISSION,0,1,UN
MEC052,PALETA DE CORAZON,120,1,UN
ABA182,INFUSIONES F. ROJOS,130000,1,kg
ABA183,INFUSIONES F. AMARILLOS,130000,1,kg
EMP045,PINCHO BANDERIN X 100UN,39.52,1,UN
PRO083,CARNE MOLIDA MIXTA CILINDRO (BURGER),3000,1,UN
BEB073,AGUA CRISTIAL,570.8,1,UN